{"cameraMode":{"drawMode":0,"name":"Shaded","section":"Shading Mode"},"sceneLighting":false,"audioPlay":false,"sceneViewState":{"m_AlwaysRefresh":false,"showFog":true,"showSkybox":false,"showFlares":true,"showImageEffects":true,"showParticleSystems":true,"showVisualEffectGraphs":true,"m_FxEnabled":true},"in2DMode":false,"pivot":{"x":15.610871315002442,"y":-4.131906509399414,"z":17.844858169555665},"rotation":{"x":-0.004905872978270054,"y":-0.987474262714386,"z":0.03203189745545387,"w":-0.15469951927661897},"size":0.8184336423873901,"orthographic":false}