{"cameraMode":{"drawMode":0,"name":"Shaded","section":"Shading Mode"},"sceneLighting":false,"audioPlay":false,"sceneViewState":{"m_AlwaysRefresh":false,"showFog":true,"showSkybox":false,"showFlares":true,"showImageEffects":true,"showParticleSystems":true,"showVisualEffectGraphs":true,"m_FxEnabled":true},"in2DMode":false,"pivot":{"x":-0.23706132173538209,"y":-0.26354920864105227,"z":-0.016534805297851564},"rotation":{"x":-0.004905872978270054,"y":-0.987474262714386,"z":0.03203189745545387,"w":-0.15469951927661897},"size":0.40118759870529177,"orthographic":false}