{"cameraMode":{"drawMode":0,"name":"Shaded","section":"Shading Mode"},"sceneLighting":true,"audioPlay":false,"sceneViewState":{"m_AlwaysRefresh":false,"showFog":true,"showSkybox":true,"showFlares":true,"showImageEffects":true,"showParticleSystems":true,"showVisualEffectGraphs":true,"m_FxEnabled":true},"in2DMode":false,"pivot":{"x":0.3861094117164612,"y":-6.903597831726074,"z":42.754852294921878},"rotation":{"x":0.002746203448623419,"y":-0.9822516441345215,"z":-0.01382086705416441,"w":-0.18727080523967744},"size":0.8195770978927612,"orthographic":false}